{"cameraMode":{"drawMode":0,"name":"Shaded","section":"Shading Mode"},"sceneLighting":true,"audioPlay":false,"sceneViewState":{"showFog":true,"showMaterialUpdate":true,"showSkybox":false,"showFlares":true,"showImageEffects":true,"showParticleSystems":true},"in2DMode":false,"pivot":{"x":-3.7390594482421877,"y":3.1764793395996095,"z":-6.207969665527344},"rotation":{"x":0.13791079819202424,"y":0.8500393033027649,"z":-0.4284147322177887,"w":0.273632287979126},"size":47.06361770629883,"orthographic":false}