{"cameraMode":{"drawMode":0,"name":"Shaded","section":"Shading Mode"},"sceneLighting":false,"audioPlay":false,"sceneViewState":{"showFog":true,"showMaterialUpdate":true,"showSkybox":false,"showFlares":true,"showImageEffects":true,"showParticleSystems":true},"in2DMode":false,"pivot":{"x":4.197199821472168,"y":3.2263998985290529,"z":-6.231899738311768},"rotation":{"x":-0.12445075809955597,"y":-0.8644601702690125,"z":0.26204001903533938,"w":-0.4105553925037384},"size":38.8394889831543,"orthographic":false}