{"cameraMode":{"drawMode":0,"name":"Shaded","section":"Shading Mode"},"sceneLighting":true,"audioPlay":false,"sceneViewState":{"showFog":true,"showMaterialUpdate":true,"showSkybox":true,"showFlares":true,"showImageEffects":true,"showParticleSystems":true},"in2DMode":false,"pivot":{"x":27.724002838134767,"y":2.9693498611450197,"z":6.466709613800049},"rotation":{"x":-0.008727327920496464,"y":-0.7072304487228394,"z":0.008729166351258755,"w":-0.7068753838539124},"size":30.080183029174806,"orthographic":false}