{"cameraMode":{"drawMode":0,"name":"Shaded","section":"Shading Mode"},"sceneLighting":false,"audioPlay":false,"sceneViewState":{"showFog":true,"showMaterialUpdate":true,"showSkybox":false,"showFlares":true,"showImageEffects":true,"showParticleSystems":true},"in2DMode":false,"pivot":{"x":2.1630001068115236,"y":1.7623003721237183,"z":5.941999912261963},"rotation":{"x":-0.10970968753099442,"y":-0.5505964756011963,"z":0.07328181713819504,"w":-0.82427978515625},"size":6.026548862457275,"orthographic":false}